Shop URL,Product Sitemap URL,Country,Language
https://stauff.com.br/sitemap.xml,https://stauff.com.br/sitemap-product-en_US-1.xml,US,en
https://stauff.com.br/sitemap.xml,https://stauff.com.br/sitemap-product-pt_BR-1.xml,BR,pt
https://stauff.com.br/sitemap.xml,https://stauff.com.br/sitemap-product-es_ES-1.xml,ES,es
https://stauff.fr/sitemap.xml,https://stauff.fr/sitemap-product-en_GB-1.xml,GB,en
https://stauff.fr/sitemap.xml,https://stauff.fr/sitemap-product-fr_FR-1.xml,FR,fr
https://stauff.com/sitemap.xml,https://stauff.com/sitemap-product-de_DE-1.xml,DE,de
https://stauff.com/sitemap.xml,https://stauff.com/sitemap-product-en_GB-1.xml,GB,en
https://www.stauffusa.com/sitemap.xml,https://www.stauffusa.com/sitemap-product-es_ES-1.xml,ES,es
https://www.stauffusa.com/sitemap.xml,https://www.stauffusa.com/sitemap-product-en_US-1.xml,US,en
https://stauff.co.uk/sitemap.xml,https://stauff.co.uk/sitemap-product-en_GB-1.xml,GB,en
https://stauff.com.au/sitemap.xml,https://stauff.com.au/sitemap-product-en_AU-1.xml,AU,en
https://stauff.co.nz/sitemap.xml,https://stauff.co.nz/sitemap-product-en_AU-1.xml,AU,en
https://stauffcanada.com/sitemap.xml,https://stauffcanada.com/sitemap-product-en_US-1.xml,US,en
https://stauff.ru/sitemap.xml,https://stauff.ru/sitemap-product-en_GB-1.xml,GB,en
https://stauff.ru/sitemap.xml,https://stauff.ru/sitemap-product-ru_RU-1.xml,RU,ru
https://stauff.it/sitemap.xml,https://stauff.it/sitemap-product-en_GB-1.xml,GB,en
https://stauff.it/sitemap.xml,https://stauff.it/sitemap-product-it_IT-1.xml,IT,it
https://stauff.in/sitemap.xml,https://stauff.in/sitemap-product-en_GB-1.xml,GB,en
